entity_type,id,name,parent_id,grade,class_name,subject,phone,email,extra
部门,D01,教务处,,,,,,,
部门,D02,德育处,,,,,,,
部门,D03,总务处,,,,,,,
部门,D04,高一年级组,D01,,,,,,
部门,D05,高二年级组,D01,,,,,,
部门,D06,高三年级组,D01,,,,,,
班级,C01,2024级1班,,高一,2024级1班,,,,
班级,C02,2024级2班,,高一,2024级2班,,,,
班级,C03,高一(3)班,,高一,高一(3)班,,,,
班级,C04,高一(4)班,,高一,高一(4)班,,,,
班级,C05,高一(5)班,,高一,高一(5)班,,,,
班级,C06,高二(1)班,,高二,高二(1)班,,,,
班级,C07,高二(2)班,,高二,高二(2)班,,,,
班级,C08,高二(3)班,,高二,高二(3)班,,,,
班级,C09,高二(4)班,,高二,高二(4)班,,,,
班级,C10,高二(5)班,,高二,高二(5)班,,,,
班级,C11,高三(1)班,,高三,高三(1)班,,,,
班级,C12,高三(2)班,,高三,高三(2)班,,,,
班级,C13,高三(3)班,,高三,高三(3)班,,,,
班级,C14,高三(4)班,,高三,高三(4)班,,,,
班级,C15,高三(5)班,,高三,高三(5)班,,,,
教师,T001,高秀英,D02,,,美术,17332181960,高秀英@example.com,
教师,T002,刘艳,D01,,,物理,15890838637,刘艳@example.com,
教师,T003,毛海燕,D01,,,语文,15654235116,毛海燕@example.com,
教师,T004,胡海霞,D01,,,生物,19407816184,胡海霞@example.com,
教师,T005,史秀芳,D02,,,体育,15103413164,史秀芳@example.com,
教师,T006,任秀芳,D01,,,英语,17534192832,任秀芳@example.com,
教师,T007,姜桂珍,D02,,,化学,19350305641,姜桂珍@example.com,
教师,T008,于海涛,D02,,,物理,18672423884,于海涛@example.com,
教师,T009,康玉珍,D03,,,体育,18532871012,康玉珍@example.com,
教师,T010,顾刚,D03,,,音乐,18916697848,顾刚@example.com,
教师,T011,王涛,D03,,,音乐,19451462704,王涛@example.com,
教师,T012,谭涛,D03,,,地理,13489325288,谭涛@example.com,
教师,T013,邱秀珍,D05,,,历史,13154303911,邱秀珍@example.com,
教师,T014,常志文,D04,,,数学,19227824896,常志文@example.com,
教师,T015,陆文,D05,,,美术,17657871331,陆文@example.com,
教师,T016,蔡娜,D05,,,体育,19393010310,蔡娜@example.com,
教师,T017,吴鑫,D06,,,化学,18382997376,吴鑫@example.com,
教师,T018,韩杰,D06,,,数学,18566701065,韩杰@example.com,
教师,T019,朱志强,D06,,,物理,15872624731,朱志强@example.com,
学生,S0001,郝杰,C01,高一,高一(1)班,,13801326773,郝杰@example.com,家长: 潘强
学生,S0002,宋桂珍,C01,高一,高一(1)班,,13647468723,宋桂珍@example.com,家长: 曾玉兰
学生,S0003,黄强,C01,高一,高一(1)班,,17009788208,黄强@example.com,家长: 徐慧
学生,S0004,周磊,C11,高三,高三(1)班,,15619399091,周磊@example.com,家长: 戴海涛
学生,S0005,邓华,C01,高一,高一(1)班,,17346247510,邓华@example.com,家长: 任杰
学生,S0006,吴玉兰,C01,高一,高一(1)班,,19425135427,吴玉兰@example.com,家长: 陆桂兰
学生,S0007,江芳,C01,高一,高一(1)班,,19412411824,江芳@example.com,家长: 沈华
学生,S0008,黎桂香,C01,高一,高一(1)班,,15487401640,黎桂香@example.com,家长: 张志刚
学生,S0009,龚超,C01,高一,高一(1)班,,17278680112,龚超@example.com,家长: 陆敏
学生,S0010,薛霞,C01,高一,高一(1)班,,18204505331,薛霞@example.com,家长: 丁志强
学生,S0011,史平,C01,高一,高一(1)班,,15226025634,史平@example.com,家长: 梁倩
学生,S0012,叶敏,C01,高一,高一(1)班,,18337543303,叶敏@example.com,家长: 潘志刚
学生,S0013,傅磊,C01,高一,高一(1)班,,17586850142,傅磊@example.com,家长: 康丽华
学生,S0014,陈倩,C01,高一,高一(1)班,,19655698169,陈倩@example.com,家长: 韩桂芳
学生,S0015,杨海涛,C01,高一,高一(1)班,,13883561595,杨海涛@example.com,家长: 龙明
学生,S0016,易桂兰,C01,高一,高一(1)班,,19465648236,易桂兰@example.com,家长: 万桂珍
学生,S0017,段涛,C01,高一,高一(1)班,,19946804436,段涛@example.com,家长: 康秀珍
学生,S0018,姜秀珍,C01,高一,高一(1)班,,18387214895,姜秀珍@example.com,家长: 孙鑫
学生,S0019,段玉珍,C01,高一,高一(1)班,,15320037917,段玉珍@example.com,家长: 戴建
学生,S0020,黎玉芳,C01,高一,高一(1)班,,18632016328,黎玉芳@example.com,家长: 姜丽
学生,S0022,夏志刚,C01,高一,高一(1)班,,15774348734,夏志刚@example.com,家长: 汪洋
学生,S0023,黎晓峰,C01,高一,高一(1)班,,15455812236,黎晓峰@example.com,家长: 钱平
学生,S0024,尹玉兰,C01,高一,高一(1)班,,13665876036,尹玉兰@example.com,家长: 阎娜
学生,S0025,赖桂珍,C01,高一,高一(1)班,,18054668893,赖桂珍@example.com,家长: 石飞
学生,S0026,许海涛,C01,高一,高一(1)班,,18065627298,许海涛@example.com,家长: 刘海燕
学生,S0027,毛秀英,C01,高一,高一(1)班,,13627204653,毛秀英@example.com,家长: 任秀珍
学生,S0028,蔡桂珍,C01,高一,高一(1)班,,17641708053,蔡桂珍@example.com,家长: 孟磊
学生,S0029,文静,C01,高一,高一(1)班,,13330923271,文静@example.com,家长: 白玉兰
学生,S0030,姜桂芳,C01,高一,高一(1)班,,17299124190,姜桂芳@example.com,家长: 吕桂珍
学生,S0031,余文,C01,高一,高一(1)班,,13931491905,余文@example.com,家长: 金玉珍
学生,S0032,龙志文,C01,高一,高一(1)班,,13850671657,龙志文@example.com,家长: 尹平
学生,S0033,郑志明,C02,高一,高一(2)班,,19877694531,郑志明@example.com,家长: 傅志刚
学生,S0034,曹玉英,C02,高一,高一(2)班,,19965075273,曹玉英@example.com,家长: 丁丽华
学生,S0035,蔡海燕,C02,高一,高一(2)班,,19480831367,蔡海燕@example.com,家长: 孔鑫
学生,S0036,钱海霞,C02,高一,高一(2)班,,18701436349,钱海霞@example.com,家长: 薛海霞
学生,S0037,郝玉英,C02,高一,高一(2)班,,18855744431,郝玉英@example.com,家长: 易建
学生,S0038,苏明,C02,高一,高一(2)班,,19233749894,苏明@example.com,家长: 胡建
学生,S0039,曾玉梅,C02,高一,高一(2)班,,17240824008,曾玉梅@example.com,家长: 曾超
学生,S0040,侯志文,C02,高一,高一(2)班,,13094777520,侯志文@example.com,家长: 袁秀芳
学生,S0041,高磊,C02,高一,高一(2)班,,18719022941,高磊@example.com,家长: 曹明
学生,S0042,孔桂兰,C02,高一,高一(2)班,,19993867749,孔桂兰@example.com,家长: 夏玉珍
学生,S0043,白强,C02,高一,高一(2)班,,19133412328,白强@example.com,家长: 吴刚
学生,S0044,张志强,C02,高一,高一(2)班,,18974034471,张志强@example.com,家长: 雷玉梅
学生,S0045,邓文,C02,高一,高一(2)班,,18183242102,邓文@example.com,家长: 吕晓峰
学生,S0046,汪明,C02,高一,高一(2)班,,18464887719,汪明@example.com,家长: 杨海涛
学生,S0047,武秀珍,C08,高二,高二(3)班,,19401399049,武秀珍@example.com,家长: 杨涛
学生,S0048,范秀珍,C02,高一,高一(2)班,,17296717565,范秀珍@example.com,家长: 卢倩
学生,S0049,梁志刚,C02,高一,高一(2)班,,18746807154,梁志刚@example.com,家长: 卢涛
学生,S0050,龚秀英,C02,高一,高一(2)班,,19087603859,龚秀英@example.com,家长: 贺桂珍
学生,S0051,顾秀珍,C02,高一,高一(2)班,,13348247710,顾秀珍@example.com,家长: 顾鑫
学生,S0053,姚淑珍,C02,高一,高一(2)班,,19467737826,姚淑珍@example.com,家长: 韩秀兰
学生,S0054,周海燕,C02,高一,高一(2)班,,18584044997,周海燕@example.com,家长: 罗志刚
学生,S0055,金秀芳,C02,高一,高一(2)班,,17588675339,金秀芳@example.com,家长: 阎玉梅
学生,S0056,文志强,C02,高一,高一(2)班,,13576627028,文志强@example.com,家长: 毛志刚
学生,S0057,胡秀珍,C02,高一,高一(2)班,,13870262174,胡秀珍@example.com,家长: 蔡海燕
学生,S0058,孟勇,C02,高一,高一(2)班,,17865780913,孟勇@example.com,家长: 顾晓峰
学生,S0059,萧艳,C02,高一,高一(2)班,,18117240050,萧艳@example.com,家长: 曾海霞
学生,S0060,薛海涛,C02,高一,高一(2)班,,15386922219,薛海涛@example.com,家长: 叶鑫
学生,S0061,姚霞,C02,高一,高一(2)班,,15747407482,姚霞@example.com,家长: 吴秀珍
学生,S0062,贾桂兰,C02,高一,高一(2)班,,18474367136,贾桂兰@example.com,家长: 崔海霞
学生,S0063,崔淑珍,C02,高一,高一(2)班,,17064090974,崔淑珍@example.com,家长: 文玉梅
学生,S0064,丁飞,C03,高一,高一(3)班,,15942104709,丁飞@example.com,家长: 魏超
学生,S0065,孙淑珍,C03,高一,高一(3)班,,17623285884,孙淑珍@example.com,家长: 宋桂芳
学生,S0066,方淑珍,C03,高一,高一(3)班,,17171236851,方淑珍@example.com,家长: 余芳
学生,S0067,邓明,C03,高一,高一(3)班,,18549651370,邓明@example.com,家长: 史秀珍
学生,S0068,江飞,C03,高一,高一(3)班,,13746120047,江飞@example.com,家长: 高杰
学生,S0070,傅敏,C03,高一,高一(3)班,,17377351585,傅敏@example.com,家长: 黄海燕
学生,S0071,傅建,C03,高一,高一(3)班,,13713900532,傅建@example.com,家长: 白华
学生,S0072,周华,C03,高一,高一(3)班,,19335290422,周华@example.com,家长: 陆桂芳
学生,S0073,郑涛,C03,高一,高一(3)班,,13205395024,郑涛@example.com,家长: 赵超
学生,S0074,武桂兰,C03,高一,高一(3)班,,19117758917,武桂兰@example.com,家长: 谭飞
学生,S0075,江静,C03,高一,高一(3)班,,19470076617,江静@example.com,家长: 黎秀珍
学生,S0076,吴勇,C03,高一,高一(3)班,,17921249985,吴勇@example.com,家长: 叶淑珍
学生,S0077,任玉芳,C03,高一,高一(3)班,,19611836736,任玉芳@example.com,家长: 蔡桂香
学生,S0078,潘桂兰,C03,高一,高一(3)班,,13565452711,潘桂兰@example.com,家长: 徐艳
学生,S0079,钟杰,C03,高一,高一(3)班,,17280988516,钟杰@example.com,家长: 丁玉珍
学生,S0080,易丽,C03,高一,高一(3)班,,17945198327,易丽@example.com,家长: 董倩
学生,S0081,贾志文,C03,高一,高一(3)班,,13493689980,贾志文@example.com,家长: 秦志明
学生,S0082,刘慧,C03,高一,高一(3)班,,17455022961,刘慧@example.com,家长: 马秀英
学生,S0083,孙玉兰,C03,高一,高一(3)班,,18675254599,孙玉兰@example.com,家长: 徐丽
学生,S0084,罗刚,C03,高一,高一(3)班,,19014767976,罗刚@example.com,家长: 许玉兰
学生,S0085,贺涛,C03,高一,高一(3)班,,17614978403,贺涛@example.com,家长: 余强
学生,S0086,张华,C03,高一,高一(3)班,,17324451076,张华@example.com,家长: 郑超
学生,S0087,叶玉梅,C03,高一,高一(3)班,,19851606071,叶玉梅@example.com,家长: 苏玉珍
学生,S0088,崔秀英,C03,高一,高一(3)班,,18416052975,崔秀英@example.com,家长: 孙海涛
学生,S0089,朱志强,C03,高一,高一(3)班,,18968164535,朱志强@example.com,家长: 文桂英
学生,S0090,吴涛,C03,高一,高一(3)班,,19835523124,吴涛@example.com,家长: 唐涛
学生,S0091,秦平,C03,高一,高一(3)班,,13277997995,秦平@example.com,家长: 顾海涛
学生,S0092,罗秀珍,C03,高一,高一(3)班,,13774490581,罗秀珍@example.com,家长: 吕玉英
学生,S0093,田敏,C03,高一,高一(3)班,,13541199867,田敏@example.com,家长: 康静
学生,S0094,田建,C03,高一,高一(3)班,,17978207151,田建@example.com,家长: 谭涛
学生,S0095,杨志强,C06,高二,高二(1)班,,18788925546,杨志强@example.com,家长: 杜桂香
学生,S0096,段丽,C03,高一,高一(3)班,,17151864492,段丽@example.com,家长: 蒋勇
学生,S0097,康霞,C03,高一,高一(3)班,,17462914865,康霞@example.com,家长: 何艳
学生,S0098,万玉珍,C04,高一,高一(4)班,,19505423573,万玉珍@example.com,家长: 董秀兰
学生,S0099,罗洋,C04,高一,高一(4)班,,17188805929,罗洋@example.com,家长: 叶平
学生,S0100,梁慧,C04,高一,高一(4)班,,19270653794,梁慧@example.com,家长: 贺志刚
学生,S0101,萧鑫,C04,高一,高一(4)班,,17735977468,萧鑫@example.com,家长: 熊桂兰
学生,S0102,梁文,C04,高一,高一(4)班,,19240758181,梁文@example.com,家长: 沈勇
学生,S0103,赖刚,C04,高一,高一(4)班,,17782613750,赖刚@example.com,家长: 戴丽
学生,S0104,余玉芳,C04,高一,高一(4)班,,17361530515,余玉芳@example.com,家长: 马秀兰
学生,S0105,陈晓峰,C04,高一,高一(4)班,,18277901043,陈晓峰@example.com,家长: 罗玉珍
学生,S0106,高晓峰,C04,高一,高一(4)班,,15410369711,高晓峰@example.com,家长: 姚娜
学生,S0107,顾鑫,C04,高一,高一(4)班,,15460953962,顾鑫@example.com,家长: 万勇
学生,S0108,熊秀芳,C04,高一,高一(4)班,,13888880670,熊秀芳@example.com,家长: 侯玉芳
学生,S0109,薛桂芳,C04,高一,高一(4)班,,13515319520,薛桂芳@example.com,家长: 丁桂香
学生,S0110,邵涛,C04,高一,高一(4)班,,18722170430,邵涛@example.com,家长: 唐静
学生,S0111,苏玉珍,C04,高一,高一(4)班,,19687403450,苏玉珍@example.com,家长: 孟志刚
学生,S0112,许明,C04,高一,高一(4)班,,17667652775,许明@example.com,家长: 邹志明
学生,S0113,徐玉珍,C04,高一,高一(4)班,,13692845115,徐玉珍@example.com,家长: 龙淑珍
学生,S0114,吕志刚,C04,高一,高一(4)班,,19627570596,吕志刚@example.com,家长: 傅强
学生,S0115,吴秀英,C04,高一,高一(4)班,,17820297021,吴秀英@example.com,家长: 程秀芳
学生,S0116,魏玉芳,C04,高一,高一(4)班,,19092755719,魏玉芳@example.com,家长: 郭秀芳
学生,S0117,余海涛,C04,高一,高一(4)班,,17310278681,余海涛@example.com,家长: 邓丽华
学生,S0118,尹志刚,C04,高一,高一(4)班,,15947312172,尹志刚@example.com,家长: 黎秀珍
学生,S0119,孙海涛,C04,高一,高一(4)班,,17188442258,孙海涛@example.com,家长: 董明
学生,S0120,唐秀兰,C04,高一,高一(4)班,,15705895782,唐秀兰@example.com,家长: 江艳
学生,S0121,周玉珍,C04,高一,高一(4)班,,18786691251,周玉珍@example.com,家长: 田玉英
学生,S0122,雷玉英,C04,高一,高一(4)班,,15892268018,雷玉英@example.com,家长: 罗桂兰
学生,S0123,宋刚,C04,高一,高一(4)班,,17358414384,宋刚@example.com,家长: 何桂兰
学生,S0124,江艳,C04,高一,高一(4)班,,19299229959,江艳@example.com,家长: 杨秀英
学生,S0125,徐静,C04,高一,高一(4)班,,19439690784,徐静@example.com,家长: 邵桂兰
学生,S0126,方志强,C04,高一,高一(4)班,,18471027677,方志强@example.com,家长: 冯桂香
学生,S0127,秦霞,C04,高一,高一(4)班,,17556258815,秦霞@example.com,家长: 程玉英
学生,S0128,林志明,C04,高一,高一(4)班,,18321046963,林志明@example.com,家长: 梁秀珍
学生,S0129,崔海涛,C04,高一,高一(4)班,,15278774701,崔海涛@example.com,家长: 余玉芳
学生,S0130,任鑫,C04,高一,高一(4)班,,15950047974,任鑫@example.com,家长: 金芳
学生,S0131,朱海涛,C04,高一,高一(4)班,,15456506098,朱海涛@example.com,家长: 韩秀芳
学生,S0132,郝晓峰,C04,高一,高一(4)班,,13687849912,郝晓峰@example.com,家长: 胡海燕
学生,S0133,蔡秀芳,C05,高一,高一(5)班,,15398680002,蔡秀芳@example.com,家长: 黎志刚
学生,S0134,范桂香,C05,高一,高一(5)班,,15982595269,范桂香@example.com,家长: 武桂兰
学生,S0135,毛桂香,C05,高一,高一(5)班,,19887947055,毛桂香@example.com,家长: 段涛
学生,S0136,戴玉珍,C05,高一,高一(5)班,,13974993097,戴玉珍@example.com,家长: 宋桂珍
学生,S0137,马志强,C05,高一,高一(5)班,,13913075626,马志强@example.com,家长: 钱华
学生,S0138,杜玉芳,C05,高一,高一(5)班,,19702838578,杜玉芳@example.com,家长: 叶海涛
学生,S0139,郑桂香,C05,高一,高一(5)班,,19585497334,郑桂香@example.com,家长: 孔桂兰
学生,S0140,董桂兰,C05,高一,高一(5)班,,17375758441,董桂兰@example.com,家长: 崔桂珍
学生,S0141,余玉英,C05,高一,高一(5)班,,15404157473,余玉英@example.com,家长: 唐志明
学生,S0142,孔志明,C05,高一,高一(5)班,,15199330833,孔志明@example.com,家长: 赵杰
学生,S0143,杜志刚,C05,高一,高一(5)班,,18120826773,杜志刚@example.com,家长: 贺晓峰
学生,S0144,卢晓峰,C05,高一,高一(5)班,,13193802620,卢晓峰@example.com,家长: 余桂珍
学生,S0145,谢淑珍,C05,高一,高一(5)班,,13049915478,谢淑珍@example.com,家长: 熊桂珍
学生,S0146,郭玉芳,C05,高一,高一(5)班,,18431527420,郭玉芳@example.com,家长: 武桂香
学生,S0147,曾建,C05,高一,高一(5)班,,15966851612,曾建@example.com,家长: 郭秀芳
学生,S0148,卢志强,C05,高一,高一(5)班,,13463745499,卢志强@example.com,家长: 王丽华
学生,S0149,孟秀芳,C05,高一,高一(5)班,,15017426841,孟秀芳@example.com,家长: 侯淑珍
学生,S0150,薛飞,C05,高一,高一(5)班,,15272795687,薛飞@example.com,家长: 贺玉兰
学生,S0151,赖志强,C05,高一,高一(5)班,,19187851910,赖志强@example.com,家长: 郝玉芳
学生,S0152,唐平,C05,高一,高一(5)班,,15587139718,唐平@example.com,家长: 田强
学生,S0153,任超,C05,高一,高一(5)班,,19679087406,任超@example.com,家长: 袁伟
学生,S0154,乔玉兰,C05,高一,高一(5)班,,19106518017,乔玉兰@example.com,家长: 陈晓峰
学生,S0155,杜慧,C05,高一,高一(5)班,,15656766182,杜慧@example.com,家长: 孟玉英
学生,S0156,林涛,C05,高一,高一(5)班,,19682300478,林涛@example.com,家长: 夏桂珍
学生,S0157,萧志强,C05,高一,高一(5)班,,18524310690,萧志强@example.com,家长: 程华
学生,S0158,周杰,C05,高一,高一(5)班,,19079030673,周杰@example.com,家长: 陆玉兰
学生,S0159,贺强,C05,高一,高一(5)班,,15843959953,贺强@example.com,家长: 彭霞
学生,S0160,龙飞,C05,高一,高一(5)班,,18440892687,龙飞@example.com,家长: 赵玉英
学生,S0161,邵桂珍,C05,高一,高一(5)班,,19566246287,邵桂珍@example.com,家长: 程飞
学生,S0162,彭霞,C05,高一,高一(5)班,,18086688263,彭霞@example.com,家长: 袁华
学生,S0163,邵勇,C06,高二,高二(1)班,,18518304699,邵勇@example.com,家长: 杨洋
学生,S0164,韩玉兰,C06,高二,高二(1)班,,18354033173,韩玉兰@example.com,家长: 汤华
学生,S0165,余鑫,C06,高二,高二(1)班,,19546785445,余鑫@example.com,家长: 廖桂珍
学生,S0166,姜杰,C06,高二,高二(1)班,,18535560932,姜杰@example.com,家长: 李丽华
学生,S0167,郝桂兰,C06,高二,高二(1)班,,17235369378,郝桂兰@example.com,家长: 孟桂香
学生,S0168,袁志文,C06,高二,高二(1)班,,18725228728,袁志文@example.com,家长: 邵强
学生,S0169,熊敏,C06,高二,高二(1)班,,13006231203,熊敏@example.com,家长: 谭桂香
学生,S0170,薛强,C06,高二,高二(1)班,,19977008860,薛强@example.com,家长: 李海燕
学生,S0171,金晓峰,C06,高二,高二(1)班,,13862118233,金晓峰@example.com,家长: 史桂芳
学生,S0172,丁志明,C06,高二,高二(1)班,,18156793341,丁志明@example.com,家长: 孟敏
学生,S0173,孙秀英,C06,高二,高二(1)班,,18687002176,孙秀英@example.com,家长: 邵志刚
学生,S0174,白杰,C06,高二,高二(1)班,,19033974014,白杰@example.com,家长: 陆敏
学生,S0175,郑海涛,C06,高二,高二(1)班,,13392614293,郑海涛@example.com,家长: 白玉芳
学生,S0176,段志刚,C06,高二,高二(1)班,,18218501631,段志刚@example.com,家长: 蔡海燕
学生,S0177,文秀珍,C06,高二,高二(1)班,,13477358662,文秀珍@example.com,家长: 雷桂珍
学生,S0178,徐淑珍,C06,高二,高二(1)班,,15114262655,徐淑珍@example.com,家长: 朱艳
学生,S0179,张玉珍,C06,高二,高二(1)班,,18541212678,张玉珍@example.com,家长: 孔志强
学生,S0180,朱秀英,C06,高二,高二(1)班,,13581995604,朱秀英@example.com,家长: 杜玉芳
学生,S0181,文勇,C06,高二,高二(1)班,,19398262244,文勇@example.com,家长: 许桂珍
学生,S0182,马磊,C06,高二,高二(1)班,,15646471543,马磊@example.com,家长: 易桂珍
学生,S0183,邱文,C06,高二,高二(1)班,,18124065965,邱文@example.com,家长: 汪志刚
学生,S0184,钟秀兰,C06,高二,高二(1)班,,17593752654,钟秀兰@example.com,家长: 武志文
学生,S0185,崔志强,C06,高二,高二(1)班,,17646519398,崔志强@example.com,家长: 谢秀英
学生,S0186,常玉英,C06,高二,高二(1)班,,15741672434,常玉英@example.com,家长: 龙平
学生,S0187,黎玉珍,C06,高二,高二(1)班,,18179796886,黎玉珍@example.com,家长: 陆敏
学生,S0188,魏勇,C06,高二,高二(1)班,,13352909656,魏勇@example.com,家长: 朱芳
学生,S0189,胡丽华,C06,高二,高二(1)班,,15888993756,胡丽华@example.com,家长: 姜玉芳
学生,S0190,罗玉英,C06,高二,高二(1)班,,13714611254,罗玉英@example.com,家长: 蔡桂香
学生,S0191,冯秀芳,C06,高二,高二(1)班,,17717751401,冯秀芳@example.com,家长: 李桂香
学生,S0192,邵倩,C06,高二,高二(1)班,,15382825867,邵倩@example.com,家长: 萧秀英
学生,S0193,谢慧,C07,高二,高二(2)班,,18609379660,谢慧@example.com,家长: 尹玉兰
学生,S0194,冯海燕,C07,高二,高二(2)班,,13918255371,冯海燕@example.com,家长: 邓志文
学生,S0195,熊海涛,C07,高二,高二(2)班,,19696915579,熊海涛@example.com,家长: 郑桂兰
学生,S0196,江勇,C07,高二,高二(2)班,,15513412528,江勇@example.com,家长: 阎桂兰
学生,S0197,邱秀兰,C07,高二,高二(2)班,,19662782827,邱秀兰@example.com,家长: 沈秀兰
学生,S0198,谢海涛,C07,高二,高二(2)班,,18905072368,谢海涛@example.com,家长: 谭桂珍
学生,S0199,杜志文,C07,高二,高二(2)班,,18772190340,杜志文@example.com,家长: 傅飞
学生,S0200,金晓峰,C07,高二,高二(2)班,,15797881914,金晓峰@example.com,家长: 文秀芳
学生,S0201,陆静,C07,高二,高二(2)班,,18836134074,陆静@example.com,家长: 贾艳
学生,S0202,汪明,C07,高二,高二(2)班,,15395962923,汪明@example.com,家长: 冯强
学生,S0203,白玉英,C07,高二,高二(2)班,,19498254494,白玉英@example.com,家长: 廖杰
学生,S0204,郭志强,C07,高二,高二(2)班,,13422325367,郭志强@example.com,家长: 马志明
学生,S0205,顾桂兰,C07,高二,高二(2)班,,18711684577,顾桂兰@example.com,家长: 卢伟
学生,S0206,文艳,C07,高二,高二(2)班,,18518636374,文艳@example.com,家长: 卢晓峰
学生,S0207,蔡超,C07,高二,高二(2)班,,19750017012,蔡超@example.com,家长: 汪桂香
学生,S0208,张玉珍,C07,高二,高二(2)班,,15242415415,张玉珍@example.com,家长: 万桂英
学生,S0209,赵海燕,C07,高二,高二(2)班,,17361103712,赵海燕@example.com,家长: 毛飞
学生,S0210,邹秀珍,C07,高二,高二(2)班,,13051627136,邹秀珍@example.com,家长: 孙倩
学生,S0211,朱海涛,C07,高二,高二(2)班,,17426221890,朱海涛@example.com,家长: 江桂英
学生,S0212,汪玉英,C07,高二,高二(2)班,,15269731121,汪玉英@example.com,家长: 毛玉芳
学生,S0213,贾玉珍,C07,高二,高二(2)班,,17234138999,贾玉珍@example.com,家长: 沈秀英
学生,S0214,龙桂兰,C07,高二,高二(2)班,,15898364037,龙桂兰@example.com,家长: 阎涛
学生,S0215,程桂珍,C07,高二,高二(2)班,,19180552696,程桂珍@example.com,家长: 魏涛
学生,S0216,赖海霞,C07,高二,高二(2)班,,13091043006,赖海霞@example.com,家长: 谭晓峰
学生,S0217,顾玉芳,C07,高二,高二(2)班,,18661889241,顾玉芳@example.com,家长: 吕勇
学生,S0218,廖华,C07,高二,高二(2)班,,15856914630,廖华@example.com,家长: 曹艳
学生,S0219,钟涛,C07,高二,高二(2)班,,18990421020,钟涛@example.com,家长: 梁桂珍
学生,S0220,贾丽华,C07,高二,高二(2)班,,15524105648,贾丽华@example.com,家长: 周丽华
学生,S0221,黎洋,C07,高二,高二(2)班,,18785079252,黎洋@example.com,家长: 袁倩
学生,S0222,崔涛,C07,高二,高二(2)班,,15800030756,崔涛@example.com,家长: 罗涛
学生,S0223,陈桂兰,C07,高二,高二(2)班,,15536541951,陈桂兰@example.com,家长: 谭丽
学生,S0224,郑飞,C07,高二,高二(2)班,,19061744518,郑飞@example.com,家长: 任芳
学生,S0225,薛文,C07,高二,高二(2)班,,17949375973,薛文@example.com,家长: 常志强
学生,S0226,罗伟,C07,高二,高二(2)班,,18038505064,罗伟@example.com,家长: 朱华
学生,S0227,熊鑫,C07,高二,高二(2)班,,18702410386,熊鑫@example.com,家长: 汤志文
学生,S0228,乔勇,C08,高二,高二(3)班,,19182619906,乔勇@example.com,家长: 龙超
学生,S0229,程淑珍,C08,高二,高二(3)班,,17565574313,程淑珍@example.com,家长: 郭倩
学生,S0230,罗倩,C08,高二,高二(3)班,,15775618537,罗倩@example.com,家长: 吕玉英
学生,S0231,邓明,C08,高二,高二(3)班,,13249035213,邓明@example.com,家长: 丁海燕
学生,S0232,廖丽,C08,高二,高二(3)班,,17420678831,廖丽@example.com,家长: 姜倩
学生,S0233,郭明,C08,高二,高二(3)班,,13032365199,郭明@example.com,家长: 邓洋
学生,S0234,李磊,C08,高二,高二(3)班,,15721510702,李磊@example.com,家长: 崔海涛
学生,S0235,易海燕,C08,高二,高二(3)班,,18066253244,易海燕@example.com,家长: 田平
学生,S0236,陈志强,C08,高二,高二(3)班,,17768701462,陈志强@example.com,家长: 戴文
学生,S0237,邵志强,C08,高二,高二(3)班,,19065787598,邵志强@example.com,家长: 卢玉芳
学生,S0238,许慧,C08,高二,高二(3)班,,13593040785,许慧@example.com,家长: 龚玉梅
学生,S0239,梁杰,C08,高二,高二(3)班,,15348039652,梁杰@example.com,家长: 郑鑫
学生,S0240,毛海涛,C08,高二,高二(3)班,,17905992937,毛海涛@example.com,家长: 陆玉珍
学生,S0241,郑志文,C08,高二,高二(3)班,,13103930870,郑志文@example.com,家长: 蒋文
学生,S0242,何桂香,C08,高二,高二(3)班,,15500292185,何桂香@example.com,家长: 吴志文
学生,S0243,尹海燕,C08,高二,高二(3)班,,19154522675,尹海燕@example.com,家长: 郑海霞
学生,S0244,董涛,C08,高二,高二(3)班,,18442209690,董涛@example.com,家长: 谢海涛
学生,S0245,江飞,C08,高二,高二(3)班,,19172513552,江飞@example.com,家长: 侯艳
学生,S0246,尹志刚,C08,高二,高二(3)班,,18043315410,尹志刚@example.com,家长: 赵玉芳
学生,S0247,汪桂兰,C08,高二,高二(3)班,,15676586179,汪桂兰@example.com,家长: 孟飞
学生,S0248,梁志刚,C08,高二,高二(3)班,,13040541152,梁志刚@example.com,家长: 叶刚
学生,S0249,常洋,C08,高二,高二(3)班,,19159970629,常洋@example.com,家长: 钟刚
学生,S0250,赵杰,C08,高二,高二(3)班,,17336884443,赵杰@example.com,家长: 胡丽
学生,S0251,余志文,C08,高二,高二(3)班,,15050614973,余志文@example.com,家长: 胡秀英
学生,S0252,冯桂英,C08,高二,高二(3)班,,17171467741,冯桂英@example.com,家长: 邵玉芳
学生,S0253,谢志文,C08,高二,高二(3)班,,18527047743,谢志文@example.com,家长: 许强
学生,S0254,罗杰,C08,高二,高二(3)班,,13586938068,罗杰@example.com,家长: 戴海霞
学生,S0255,崔鑫,C08,高二,高二(3)班,,18416089899,崔鑫@example.com,家长: 马明
学生,S0256,贺志刚,C08,高二,高二(3)班,,15233206163,贺志刚@example.com,家长: 顾霞
学生,S0257,邱丽华,C08,高二,高二(3)班,,17116868548,邱丽华@example.com,家长: 任芳
学生,S0258,汤桂兰,C08,高二,高二(3)班,,13622999119,汤桂兰@example.com,家长: 文杰
学生,S0259,沈玉英,C08,高二,高二(3)班,,18467997024,沈玉英@example.com,家长: 潘霞
学生,S0260,秦秀英,C09,高二,高二(4)班,,13653074505,秦秀英@example.com,家长: 彭玉珍
学生,S0261,傅志文,C09,高二,高二(4)班,,13324754691,傅志文@example.com,家长: 韩秀珍
学生,S0262,于志强,C09,高二,高二(4)班,,18850821486,于志强@example.com,家长: 郭秀英
学生,S0263,郑建,C09,高二,高二(4)班,,15030705345,郑建@example.com,家长: 姜玉芳
学生,S0264,余明,C09,高二,高二(4)班,,13357972798,余明@example.com,家长: 贾玉英
学生,S0265,梁丽华,C09,高二,高二(4)班,,13406029333,梁丽华@example.com,家长: 段华
学生,S0266,许志强,C09,高二,高二(4)班,,19007229034,许志强@example.com,家长: 秦玉珍
学生,S0267,黎海燕,C09,高二,高二(4)班,,18657437489,黎海燕@example.com,家长: 余倩
学生,S0268,张志文,C09,高二,高二(4)班,,19994417154,张志文@example.com,家长: 侯秀珍
学生,S0269,傅丽华,C09,高二,高二(4)班,,17328309652,傅丽华@example.com,家长: 易秀英
学生,S0270,孟桂珍,C09,高二,高二(4)班,,17466609935,孟桂珍@example.com,家长: 易飞
学生,S0271,雷海霞,C09,高二,高二(4)班,,17842824172,雷海霞@example.com,家长: 武丽华
学生,S0272,易慧,C09,高二,高二(4)班,,17135346554,易慧@example.com,家长: 康淑珍
学生,S0273,姜明,C09,高二,高二(4)班,,18099917381,姜明@example.com,家长: 雷桂珍
学生,S0274,熊桂兰,C09,高二,高二(4)班,,18022356972,熊桂兰@example.com,家长: 苏慧
学生,S0275,文勇,C09,高二,高二(4)班,,18525007432,文勇@example.com,家长: 崔刚
学生,S0276,石艳,C09,高二,高二(4)班,,15966667600,石艳@example.com,家长: 金文
学生,S0277,常志文,C09,高二,高二(4)班,,13583003354,常志文@example.com,家长: 何倩
学生,S0278,阎玉芳,C09,高二,高二(4)班,,19421044789,阎玉芳@example.com,家长: 熊桂香
学生,S0279,钟秀兰,C09,高二,高二(4)班,,17753260332,钟秀兰@example.com,家长: 于娜
学生,S0280,毛玉芳,C09,高二,高二(4)班,,15150648909,毛玉芳@example.com,家长: 赵倩
学生,S0281,孟娜,C09,高二,高二(4)班,,13167618472,孟娜@example.com,家长: 冯芳
学生,S0282,彭桂兰,C09,高二,高二(4)班,,13849926189,彭桂兰@example.com,家长: 林晓峰
学生,S0283,高倩,C09,高二,高二(4)班,,18393483564,高倩@example.com,家长: 梁静
学生,S0284,郝桂珍,C09,高二,高二(4)班,,15753001197,郝桂珍@example.com,家长: 罗艳
学生,S0285,文洋,C09,高二,高二(4)班,,13437447012,文洋@example.com,家长: 杨淑珍
学生,S0286,魏海涛,C09,高二,高二(4)班,,18110022557,魏海涛@example.com,家长: 史志明
学生,S0287,常艳,C09,高二,高二(4)班,,17521667467,常艳@example.com,家长: 戴桂英
学生,S0288,高超,C09,高二,高二(4)班,,13216979729,高超@example.com,家长: 叶海霞
学生,S0289,江秀英,C09,高二,高二(4)班,,15771670145,江秀英@example.com,家长: 王飞
学生,S0290,万桂香,C09,高二,高二(4)班,,19891637562,万桂香@example.com,家长: 孔丽
学生,S0291,王刚,C09,高二,高二(4)班,,19772175354,王刚@example.com,家长: 赵玉芳
学生,S0292,董桂珍,C09,高二,高二(4)班,,18317797177,董桂珍@example.com,家长: 苏明
学生,S0293,姚娜,C09,高二,高二(4)班,,13660880199,姚娜@example.com,家长: 侯桂兰
学生,S0294,孔华,C10,高二,高二(5)班,,18550375899,孔华@example.com,家长: 范秀芳
学生,S0295,黎志刚,C10,高二,高二(5)班,,13130554885,黎志刚@example.com,家长: 汤倩
学生,S0296,杨桂英,C10,高二,高二(5)班,,18261493316,杨桂英@example.com,家长: 于桂香
学生,S0297,韩桂香,C10,高二,高二(5)班,,13609177982,韩桂香@example.com,家长: 姚伟
学生,S0299,谭玉芳,C10,高二,高二(5)班,,18934654722,谭玉芳@example.com,家长: 杜桂兰
学生,S0300,汤海涛,C10,高二,高二(5)班,,19333945228,汤海涛@example.com,家长: 陆秀珍
学生,S0301,尹涛,C10,高二,高二(5)班,,17879968460,尹涛@example.com,家长: 邹倩
学生,S0302,刘桂珍,C10,高二,高二(5)班,,15003424420,刘桂珍@example.com,家长: 钱淑珍
学生,S0303,冯敏,C10,高二,高二(5)班,,17719838638,冯敏@example.com,家长: 汤晓峰
学生,S0304,钱丽,C10,高二,高二(5)班,,18665800439,钱丽@example.com,家长: 文秀珍
学生,S0305,董志文,C10,高二,高二(5)班,,19893347212,董志文@example.com,家长: 郑明
学生,S0306,叶静,C10,高二,高二(5)班,,18484229405,叶静@example.com,家长: 姜平
学生,S0307,杨平,C10,高二,高二(5)班,,17909479851,杨平@example.com,家长: 尹海涛
学生,S0308,熊飞,C10,高二,高二(5)班,,15818268861,熊飞@example.com,家长: 贾飞
学生,S0309,于志刚,C10,高二,高二(5)班,,17543987801,于志刚@example.com,家长: 万玉英
学生,S0310,田鑫,C10,高二,高二(5)班,,19930561648,田鑫@example.com,家长: 易晓峰
学生,S0311,刘志文,C10,高二,高二(5)班,,19877043581,刘志文@example.com,家长: 胡桂英
学生,S0312,龚伟,C10,高二,高二(5)班,,13336138612,龚伟@example.com,家长: 刘桂香
学生,S0313,黎志刚,C10,高二,高二(5)班,,13110248193,黎志刚@example.com,家长: 邓志强
学生,S0314,阎志刚,C10,高二,高二(5)班,,18650618091,阎志刚@example.com,家长: 贺静
学生,S0315,汤洋,C10,高二,高二(5)班,,17814491476,汤洋@example.com,家长: 余秀英
学生,S0316,范刚,C10,高二,高二(5)班,,19326842450,范刚@example.com,家长: 郝霞
学生,S0317,林静,C10,高二,高二(5)班,,13996881435,林静@example.com,家长: 于志强
学生,S0318,邵霞,C10,高二,高二(5)班,,15239431290,邵霞@example.com,家长: 贺玉英
学生,S0319,邵洋,C10,高二,高二(5)班,,17141397552,邵洋@example.com,家长: 万鑫
学生,S0320,胡晓峰,C10,高二,高二(5)班,,19135775949,胡晓峰@example.com,家长: 罗秀芳
学生,S0321,苏玉珍,C10,高二,高二(5)班,,15053364525,苏玉珍@example.com,家长: 方玉英
学生,S0322,田海霞,C10,高二,高二(5)班,,17781291428,田海霞@example.com,家长: 唐丽华
学生,S0323,常洋,C10,高二,高二(5)班,,13080996930,常洋@example.com,家长: 郝丽华
学生,S0324,陆海霞,C10,高二,高二(5)班,,15563942788,陆海霞@example.com,家长: 孙海燕
学生,S0325,魏玉芳,C10,高二,高二(5)班,,13392827229,魏玉芳@example.com,家长: 白霞
学生,S0326,武秀芳,C10,高二,高二(5)班,,17037314530,武秀芳@example.com,家长: 万华
学生,S0327,魏玉芳,C11,高三,高三(1)班,,18700518449,魏玉芳@example.com,家长: 陆涛
学生,S0328,叶桂珍,C11,高三,高三(1)班,,17918463865,叶桂珍@example.com,家长: 贾志文
学生,S0329,方伟,C11,高三,高三(1)班,,19272318432,方伟@example.com,家长: 谢刚
学生,S0330,魏明,C11,高三,高三(1)班,,15651777392,魏明@example.com,家长: 邵志强
学生,S0331,李志强,C11,高三,高三(1)班,,13299228092,李志强@example.com,家长: 黄桂英
学生,S0332,邓慧,C11,高三,高三(1)班,,19699041379,邓慧@example.com,家长: 范秀芳
学生,S0333,宋飞,C11,高三,高三(1)班,,18929298425,宋飞@example.com,家长: 任磊
学生,S0334,萧桂珍,C11,高三,高三(1)班,,18210388629,萧桂珍@example.com,家长: 胡涛
学生,S0335,范敏,C11,高三,高三(1)班,,19811729806,范敏@example.com,家长: 邹桂兰
学生,S0336,薛静,C11,高三,高三(1)班,,19637659916,薛静@example.com,家长: 郭桂芳
学生,S0337,方玉梅,C11,高三,高三(1)班,,13498643009,方玉梅@example.com,家长: 邹明
学生,S0338,邹伟,C14,高三,高三(4)班,,18356512694,邹伟@example.com,家长: 邓玉珍
学生,S0339,白秀芳,C11,高三,高三(1)班,,19463688725,白秀芳@example.com,家长: 孔秀芳
学生,S0340,袁玉珍,C11,高三,高三(1)班,,19562137213,袁玉珍@example.com,家长: 廖秀英
学生,S0341,蔡丽,C11,高三,高三(1)班,,15601279611,蔡丽@example.com,家长: 邓飞
学生,S0342,薛勇,C11,高三,高三(1)班,,19066984902,薛勇@example.com,家长: 侯桂珍
学生,S0343,汪芳,C11,高三,高三(1)班,,15843098839,汪芳@example.com,家长: 宋敏
学生,S0344,魏鑫,C11,高三,高三(1)班,,13214656693,魏鑫@example.com,家长: 邹芳
学生,S0345,武磊,C11,高三,高三(1)班,,13848955439,武磊@example.com,家长: 韩桂香
学生,S0346,潘伟,C11,高三,高三(1)班,,17268181845,潘伟@example.com,家长: 高桂芳
学生,S0347,金桂芳,C11,高三,高三(1)班,,18697357790,金桂芳@example.com,家长: 方涛
学生,S0348,邓磊,C11,高三,高三(1)班,,18335658804,邓磊@example.com,家长: 曹晓峰
学生,S0349,孙秀英,C11,高三,高三(1)班,,17182755394,孙秀英@example.com,家长: 谢建
学生,S0350,姚文,C11,高三,高三(1)班,,15343333952,姚文@example.com,家长: 文倩
学生,S0351,林勇,C11,高三,高三(1)班,,18908075957,林勇@example.com,家长: 崔海燕
学生,S0352,石慧,C11,高三,高三(1)班,,19463920867,石慧@example.com,家长: 陆敏
学生,S0353,谭玉英,C11,高三,高三(1)班,,18271875003,谭玉英@example.com,家长: 叶杰
学生,S0354,卢秀芳,C11,高三,高三(1)班,,19428434795,卢秀芳@example.com,家长: 魏慧
学生,S0355,姚玉珍,C11,高三,高三(1)班,,15655647292,姚玉珍@example.com,家长: 崔玉梅
学生,S0356,胡志明,C11,高三,高三(1)班,,15866322702,胡志明@example.com,家长: 戴桂珍
学生,S0357,郭海涛,C11,高三,高三(1)班,,18448906120,郭海涛@example.com,家长: 于桂芳
学生,S0358,范杰,C11,高三,高三(1)班,,18545588450,范杰@example.com,家长: 杜明
学生,S0359,贾文,C11,高三,高三(1)班,,19982455877,贾文@example.com,家长: 徐桂珍
学生,S0360,沈玉英,C12,高三,高三(2)班,,15256996112,沈玉英@example.com,家长: 蔡玉梅
学生,S0361,苏海涛,C12,高三,高三(2)班,,17496475987,苏海涛@example.com,家长: 杜桂英
学生,S0362,谢娜,C12,高三,高三(2)班,,15341326111,谢娜@example.com,家长: 范丽
学生,S0363,刘海燕,C12,高三,高三(2)班,,19114921643,刘海燕@example.com,家长: 曹晓峰
学生,S0364,汪超,C12,高三,高三(2)班,,15820055778,汪超@example.com,家长: 许秀珍
学生,S0365,郭涛,C12,高三,高三(2)班,,19979688457,郭涛@example.com,家长: 陆玉梅
学生,S0366,孙秀珍,C13,高三,高三(3)班,,17564240082,孙秀珍@example.com,家长: 贾晓峰
学生,S0367,范芳,C12,高三,高三(2)班,,18740649308,范芳@example.com,家长: 薛建
学生,S0368,杜海涛,C12,高三,高三(2)班,,18326634163,杜海涛@example.com,家长: 邹志明
学生,S0369,沈志明,C12,高三,高三(2)班,,18312241797,沈志明@example.com,家长: 许志文
学生,S0370,韩秀珍,C12,高三,高三(2)班,,13208021442,韩秀珍@example.com,家长: 黎秀珍
学生,S0371,常芳,C12,高三,高三(2)班,,15120735647,常芳@example.com,家长: 薛玉英
学生,S0372,汤敏,C12,高三,高三(2)班,,17120461872,汤敏@example.com,家长: 韩桂芳
学生,S0373,叶芳,C12,高三,高三(2)班,,13367303718,叶芳@example.com,家长: 万华
学生,S0374,范玉芳,C12,高三,高三(2)班,,17520881474,范玉芳@example.com,家长: 唐秀芳
学生,S0375,赵玉兰,C12,高三,高三(2)班,,13365024916,赵玉兰@example.com,家长: 曹芳
学生,S0376,杨海霞,C12,高三,高三(2)班,,19251327195,杨海霞@example.com,家长: 赖强
学生,S0377,黄海霞,C12,高三,高三(2)班,,15812735857,黄海霞@example.com,家长: 常建
学生,S0378,李桂珍,C12,高三,高三(2)班,,17240778487,李桂珍@example.com,家长: 韩慧
学生,S0379,陆玉英,C12,高三,高三(2)班,,17749821827,陆玉英@example.com,家长: 曾丽华
学生,S0380,陆秀芳,C12,高三,高三(2)班,,18086209593,陆秀芳@example.com,家长: 卢磊
学生,S0381,龙玉芳,C12,高三,高三(2)班,,15878294565,龙玉芳@example.com,家长: 高杰
学生,S0382,邹磊,C12,高三,高三(2)班,,13220317310,邹磊@example.com,家长: 崔玉芳
学生,S0383,龙志文,C12,高三,高三(2)班,,19994053910,龙志文@example.com,家长: 冯志文
学生,S0384,徐玉英,C12,高三,高三(2)班,,13586509480,徐玉英@example.com,家长: 常洋
学生,S0385,彭洋,C12,高三,高三(2)班,,15811386338,彭洋@example.com,家长: 龙志强
学生,S0386,白涛,C12,高三,高三(2)班,,19861957612,白涛@example.com,家长: 谢秀英
学生,S0387,谭桂香,C12,高三,高三(2)班,,15897558556,谭桂香@example.com,家长: 赖海涛
学生,S0388,易秀珍,C12,高三,高三(2)班,,19398368457,易秀珍@example.com,家长: 田海燕
学生,S0389,张敏,C12,高三,高三(2)班,,17908240433,张敏@example.com,家长: 苏娜
学生,S0390,龚海燕,C12,高三,高三(2)班,,19889921075,龚海燕@example.com,家长: 罗秀兰
学生,S0391,邓秀芳,C12,高三,高三(2)班,,19334419693,邓秀芳@example.com,家长: 常洋
学生,S0392,易秀珍,C12,高三,高三(2)班,,18279194096,易秀珍@example.com,家长: 徐强
学生,S0393,龚志刚,C12,高三,高三(2)班,,17661390604,龚志刚@example.com,家长: 熊静
学生,S0394,陆平,C13,高三,高三(3)班,,17832067998,陆平@example.com,家长: 孙飞
学生,S0395,钟淑珍,C13,高三,高三(3)班,,18225179086,钟淑珍@example.com,家长: 邓勇
学生,S0396,潘玉芳,C13,高三,高三(3)班,,18227837693,潘玉芳@example.com,家长: 孔志强
学生,S0397,曹洋,C13,高三,高三(3)班,,17659116655,曹洋@example.com,家长: 韩秀珍
学生,S0398,贾秀英,C13,高三,高三(3)班,,17259792703,贾秀英@example.com,家长: 唐志文
学生,S0399,罗勇,C13,高三,高三(3)班,,13039240514,罗勇@example.com,家长: 田海霞
学生,S0400,李志刚,C13,高三,高三(3)班,,15833884879,李志刚@example.com,家长: 常霞
学生,S0401,钱娜,C13,高三,高三(3)班,,18980420439,钱娜@example.com,家长: 许丽
学生,S0402,姜芳,C13,高三,高三(3)班,,13645104636,姜芳@example.com,家长: 廖杰
学生,S0403,苏志文,C13,高三,高三(3)班,,19812387800,苏志文@example.com,家长: 曹玉珍
学生,S0404,蒋志文,C13,高三,高三(3)班,,18205554384,蒋志文@example.com,家长: 黄桂芳
学生,S0405,阎秀英,C13,高三,高三(3)班,,19432562168,阎秀英@example.com,家长: 段玉梅
学生,S0406,戴鑫,C13,高三,高三(3)班,,19264957823,戴鑫@example.com,家长: 孟秀兰
学生,S0407,康文,C13,高三,高三(3)班,,15482629251,康文@example.com,家长: 孔明
学生,S0408,谢海涛,C13,高三,高三(3)班,,15056647423,谢海涛@example.com,家长: 朱超
学生,S0409,谢秀英,C13,高三,高三(3)班,,19949993933,谢秀英@example.com,家长: 雷秀英
学生,S0410,丁勇,C13,高三,高三(3)班,,18289752677,丁勇@example.com,家长: 郭刚
学生,S0411,韩飞,C13,高三,高三(3)班,,13604633312,韩飞@example.com,家长: 汪志文
学生,S0412,钱秀珍,C13,高三,高三(3)班,,18366096569,钱秀珍@example.com,家长: 乔敏
学生,S0413,邹倩,C13,高三,高三(3)班,,18703886086,邹倩@example.com,家长: 邹丽
学生,S0414,韩淑珍,C13,高三,高三(3)班,,18644726490,韩淑珍@example.com,家长: 钱霞
学生,S0415,姜志刚,C13,高三,高三(3)班,,13812982665,姜志刚@example.com,家长: 田秀英
学生,S0416,郑桂香,C13,高三,高三(3)班,,19371452111,郑桂香@example.com,家长: 尹志刚
学生,S0417,侯秀芳,C13,高三,高三(3)班,,13868926860,侯秀芳@example.com,家长: 龚桂英
学生,S0418,蒋平,C13,高三,高三(3)班,,15220644742,蒋平@example.com,家长: 林超
学生,S0419,唐伟,C13,高三,高三(3)班,,19407778097,唐伟@example.com,家长: 程玉兰
学生,S0420,毛海霞,C13,高三,高三(3)班,,18671990384,毛海霞@example.com,家长: 史华
学生,S0421,赵慧,C13,高三,高三(3)班,,15050209945,赵慧@example.com,家长: 孙丽
学生,S0422,朱桂兰,C13,高三,高三(3)班,,15249998279,朱桂兰@example.com,家长: 魏敏
学生,S0423,孙桂兰,C13,高三,高三(3)班,,17561681472,孙桂兰@example.com,家长: 林海燕
学生,S0424,熊志强,C14,高三,高三(4)班,,19339019817,熊志强@example.com,家长: 易晓峰
学生,S0425,夏海涛,C14,高三,高三(4)班,,17899529978,夏海涛@example.com,家长: 常桂珍
学生,S0426,姚慧,C14,高三,高三(4)班,,19343010713,姚慧@example.com,家长: 江桂兰
学生,S0427,杜静,C14,高三,高三(4)班,,17583034414,杜静@example.com,家长: 彭玉芳
学生,S0428,郝秀珍,C14,高三,高三(4)班,,13155699023,郝秀珍@example.com,家长: 蒋桂香
学生,S0429,段秀芳,C14,高三,高三(4)班,,18027278576,段秀芳@example.com,家长: 乔强
学生,S0430,邹桂兰,C14,高三,高三(4)班,,19588039551,邹桂兰@example.com,家长: 罗海燕
学生,S0431,刘桂香,C14,高三,高三(4)班,,18829962914,刘桂香@example.com,家长: 尹海涛
学生,S0432,尹敏,C14,高三,高三(4)班,,17617357438,尹敏@example.com,家长: 彭涛
学生,S0433,高志文,C14,高三,高三(4)班,,13317807823,高志文@example.com,家长: 蔡秀芳
学生,S0434,常玉珍,C14,高三,高三(4)班,,17218230768,常玉珍@example.com,家长: 高伟
学生,S0435,吕静,C14,高三,高三(4)班,,19157018409,吕静@example.com,家长: 赖玉珍
学生,S0436,侯华,C14,高三,高三(4)班,,17334485714,侯华@example.com,家长: 罗刚
学生,S0437,傅涛,C14,高三,高三(4)班,,13988138585,傅涛@example.com,家长: 许霞
学生,S0438,尹晓峰,C14,高三,高三(4)班,,19321495870,尹晓峰@example.com,家长: 何秀英
学生,S0439,范丽,C14,高三,高三(4)班,,13601662997,范丽@example.com,家长: 江海霞
学生,S0440,吕志刚,C14,高三,高三(4)班,,15817921717,吕志刚@example.com,家长: 吕玉英
学生,S0441,范玉梅,C14,高三,高三(4)班,,15294562557,范玉梅@example.com,家长: 石秀英
学生,S0442,周海霞,C14,高三,高三(4)班,,13577245992,周海霞@example.com,家长: 廖倩
学生,S0443,潘倩,C14,高三,高三(4)班,,17814876963,潘倩@example.com,家长: 史志强
学生,S0444,郝刚,C14,高三,高三(4)班,,18615396695,郝刚@example.com,家长: 陆鑫
学生,S0445,郑洋,C14,高三,高三(4)班,,19719975817,郑洋@example.com,家长: 郑玉珍
学生,S0446,潘磊,C14,高三,高三(4)班,,19196570132,潘磊@example.com,家长: 康伟
学生,S0447,贺霞,C14,高三,高三(4)班,,15784699733,贺霞@example.com,家长: 雷海涛
学生,S0448,彭桂兰,C14,高三,高三(4)班,,18519098624,彭桂兰@example.com,家长: 黄志文
学生,S0449,郝丽,C14,高三,高三(4)班,,13851403696,郝丽@example.com,家长: 顾海涛
学生,S0450,黎桂珍,C14,高三,高三(4)班,,18668327238,黎桂珍@example.com,家长: 阎秀芳
学生,S0451,戴平,C14,高三,高三(4)班,,17220102762,戴平@example.com,家长: 徐秀兰
学生,S0452,邵桂兰,C14,高三,高三(4)班,,18969278687,邵桂兰@example.com,家长: 阎海霞
学生,S0453,董慧,C14,高三,高三(4)班,,18909738468,董慧@example.com,家长: 崔秀芳
学生,S0454,陈秀芳,C15,高三,高三(5)班,,17197128478,陈秀芳@example.com,家长: 徐艳
学生,S0455,曹海霞,C15,高三,高三(5)班,,13894905807,曹海霞@example.com,家长: 任海霞
学生,S0456,崔志刚,C15,高三,高三(5)班,,18544209494,崔志刚@example.com,家长: 黄海霞
学生,S0457,康桂英,C15,高三,高三(5)班,,19049047128,康桂英@example.com,家长: 吴海燕
学生,S0458,袁超,C15,高三,高三(5)班,,19444019292,袁超@example.com,家长: 龙志刚
学生,S0459,薛涛,C15,高三,高三(5)班,,17372805129,薛涛@example.com,家长: 罗桂珍
学生,S0460,贺志强,C15,高三,高三(5)班,,18372395041,贺志强@example.com,家长: 赵桂英
学生,S0461,姜秀英,C15,高三,高三(5)班,,18478366742,姜秀英@example.com,家长: 熊海涛
学生,S0462,王晓峰,C15,高三,高三(5)班,,18658018569,王晓峰@example.com,家长: 孟志明
学生,S0463,蒋志明,C15,高三,高三(5)班,,17149673938,蒋志明@example.com,家长: 蔡慧
学生,S0464,苏芳,C15,高三,高三(5)班,,13106181753,苏芳@example.com,家长: 易晓峰
学生,S0465,袁建,C15,高三,高三(5)班,,13091093911,袁建@example.com,家长: 孙超
学生,S0466,叶慧,C15,高三,高三(5)班,,13244717465,叶慧@example.com,家长: 袁刚
学生,S0467,文洋,C15,高三,高三(5)班,,17066504427,文洋@example.com,家长: 周志文
学生,S0468,唐海燕,C15,高三,高三(5)班,,15712863917,唐海燕@example.com,家长: 黎丽华
学生,S0469,朱敏,C15,高三,高三(5)班,,13194707200,朱敏@example.com,家长: 万玉芳
学生,S0470,许平,C15,高三,高三(5)班,,17690877661,许平@example.com,家长: 陆飞
学生,S0471,张玉芳,C15,高三,高三(5)班,,18198554601,张玉芳@example.com,家长: 魏桂香
学生,S0472,徐桂香,C15,高三,高三(5)班,,17328063461,徐桂香@example.com,家长: 顾海霞
学生,S0473,石勇,C15,高三,高三(5)班,,18320309376,石勇@example.com,家长: 周玉珍
学生,S0475,武玉梅,C15,高三,高三(5)班,,13027079032,武玉梅@example.com,家长: 王涛
学生,S0476,顾丽,C15,高三,高三(5)班,,17179291117,顾丽@example.com,家长: 邱飞
学生,S0477,周文,C15,高三,高三(5)班,,18565198253,周文@example.com,家长: 赖静
学生,S0478,毛涛,C15,高三,高三(5)班,,17114262582,毛涛@example.com,家长: 汪志强
教师,T999,冗余教师,D02,,,体育,13800138000,redundant@example.com,冗余
学生,S9999,冗余学生,C03,高一,高一(3)班,,13800138001,redundant_stu@example.com,冗余
